{"fx": 601.3050537109375, "fy": 601.5465698242188, "ppx": 331.27459716796875, "ppy": 250.15411376953125, "height": 480, "width": 640, "depth_scale": 0.0002500000118743628}